Store Name,Date (DD/MM/YYYY),Address
"Saikou Cards, Figurines, and Collectibles",26-Sep-2026,https://maps.app.goo.gl/LV4vA9RZwsXTBBgi7
The Collectors Hut,26-Sep-2026,https://maps.app.goo.gl/5JBdxsC1HZrRcJQ17
The Weatherlight Enterprise,27-Sep-2026,https://maps.app.goo.gl/uz7zHJ25WSDusdBA9
Aexern,27-Sep-2026,https://maps.app.goo.gl/QtHbWuniwdf3ojoeA
Neko Neko Nyaa,27-Sep-2026,https://maps.app.goo.gl/gU67j7zAEYpsL7XFA
RoundTable Hobbies,27-Sep-2026,https://maps.app.goo.gl/7ufLWujrUQpQDRYu6
HOBBY MAKER,3-Oct-2026,https://maps.app.goo.gl/mvi2uRjmMWVEG5eQ9
Gaia Card Game Sanctuary,3-Oct-2026,https://maps.app.goo.gl/XAsLrRXUp2syetqA8
Favonia Hobbies,4-Oct-2026,https://maps.app.goo.gl/pE9DTij4JHrN3PXy5
Gathering Hub,4-Oct-2026,https://maps.app.goo.gl/WuHGx1SyaHw63oYV8
The Card Shop PLT,4-Oct-2026,https://maps.app.goo.gl/xBTaJBugJwTKNgDg6
Game and Glory Sdn Bhd,10-Oct-2026,https://maps.app.goo.gl/NCmMtD3DnxhT6VFH8
YOLO TCG PARK,10-Oct-2026,https://maps.app.goo.gl/8PsfUYHETu7fR5qC6
Hobby Lords Malaysia,10-Oct-2026,https://maps.app.goo.gl/41TR3xyJEFfyxW9A6
Games Haven BBK,10-Oct-2026,https://maps.app.goo.gl/HGkaty2GFwXCjRNe7
Tabletop Arena,11-Oct-2026,https://maps.app.goo.gl/bCguivVXrAWV9McJ7
Spectre,11-Oct-2026,https://maps.app.goo.gl/9fKp1bpWTc6KZQR56
Kado,17-Oct-2026,https://maps.app.goo.gl/5eKWPaTRdQMwktFX7
MVP Hobbies & Collectibles Sdn Bhd,17-Oct-2026,https://maps.app.goo.gl/S1iFnnbUK49kGa7p9
SGC Card Cafe,18-Oct-2026,https://maps.app.goo.gl/1jhR4ybMUkqMsg4m7
Astral Rift Tactics Shop,24-Oct-2026,https://maps.app.goo.gl/UnRjdLaH6fkz5fZv6
Monxter,24-Oct-2026,https://maps.app.goo.gl/7SrETCZmbTK4YSZS9
Kamenn Enterprise,24-Oct-2026,https://maps.app.goo.gl/6d5b1d5APnPiP3Kt6
Living Legends Enterprise,25-Oct-2026,https://maps.app.goo.gl/gumrMDMvTbxAU6se8
Vincent's Card Colosseum,25-Oct-2026,https://maps.app.goo.gl/KhGLt53DAz1Vq7mY7
Yugoco TCG & Games,25-Oct-2026,https://maps.app.goo.gl/NUD4PAGCMR2rntWh7
CARDFIGHT BUDDY ENTERPRISE,31-Oct-2026,https://maps.app.goo.gl/jpjmRcuU7obgTf2C7
KSL TCG ENTERPRISE,31-Oct-2026,https://maps.app.goo.gl/xfnD3Hg3vxGyyj3n7
Hobibear Gaming,31-Oct-2026,https://maps.app.goo.gl/8WmtPjtkVWaP1ky37
Hans Arena,1-Nov-2026,https://maps.app.goo.gl/Qa6HSvmAH93EQF2XA
Yume Card Studio,1-Nov-2026,https://maps.app.goo.gl/HrEdGpqaMETZ6eog9
GUILDHALL PLT,7-Nov-2026,https://maps.app.goo.gl/x8gBUoyXCYhRTucZA
Shuffle by Snacks & Ladders,7-Nov-2026,https://maps.app.goo.gl/uwAxSfaaTb7aZ56D6
SideDeck,8-Nov-2026,https://maps.app.goo.gl/VUik7NCcV1aUW6Rx9
Shuffle the duel field,8-Nov-2026,https://maps.app.goo.gl/odYFNVsQZsCr5jVcA
Gentoshi,8-Nov-2026,https://maps.app.goo.gl/gmRqU5a1n1A9HmUq6
DeckOutDen,15-Nov-2026,https://maps.app.goo.gl/TcwPKRUuqp9cfjNv9
Hobby Outpost Cheras,15-Nov-2026,https://maps.app.goo.gl/x2gCWibrTNRG6eG99
Storm Gate Games,22-Nov-2026,https://maps.app.goo.gl/RjYHVZtYCmznAxL56
Game On Boardgame Cafe,TBD,https://maps.app.goo.gl/GXjEHjfF34HNjjpo8
ZergHive TCG,TBD,https://maps.app.goo.gl/8dgexE5MZykPLQ2b9